{
  "outer_diameter": 100.0,
  "inner_diameter": 90.0,
  "outer_cleaning_offsets": [
    0.26,
    0.18,
    0.1
  ],
  "inner_cleaning_offsets": [
    -0.26,
    -0.18,
    -0.1
  ],
  "top_reference_points": [
    [
      43.30127018922194,
      -75.0
    ],
    [
      50.0,
      -50.0
    ],
    [
      35.35533905932738,
      -14.64466094067263
    ],
    [
      3.061616997868383e-15,
      0.0
    ],
    [
      -35.35533905932737,
      -14.644660940672622
    ],
    [
      -50.0,
      -49.99999999999999
    ],
    [
      -43.30127018922193,
      -75.0
    ]
  ],
  "bottom_reference_points": [
    [
      -43.30127018922194,
      75.0
    ],
    [
      -50.0,
      50.00000000000001
    ],
    [
      -35.355339059327385,
      14.64466094067263
    ],
    [
      -9.184850993605149e-15,
      0.0
    ],
    [
      35.35533905932737,
      14.644660940672615
    ],
    [
      50.0,
      50.0
    ],
    [
      43.30127018922194,
      75.0
    ]
  ],
  "top_center": [
    0,
    -50
  ],
  "bottom_center": [
    0,
    50
  ],
  "laser_power": 1.0,
  "laser_power_max": 1000.0,
  "feed_rate": 1500.0
}